id,api
0,123看房
1,139邮箱
2,17k小说
3,233.0
4,263展视互动
5,360-AR
6,360-IoT
7,360-分析
8,360-安全
9,360-广告
10,360-性能监控
11,360-推送
12,360-支付
13,360-文档服务
14,360-新闻资讯
15,360-登录分享
16,360-网络摄像头
17,360-联运
18,360-身份认证
19,4399.0
20,51tracking
21,58同城-VR
22,58同城-分析
23,58同城-安全
24,58同城-实时通信
25,58同城-推送
26,58同城-支付
27,58同城-登录分享
28,58同城-直播
29,58同城-身份认证
30,58同城-音视频
31,95分
32,a+
33,abctime
34,acrcloud
35,adbright
36,adhub
37,adklein
38,admobile
39,adobe
40,adroi广告
41,adscope
42,adtracking
43,adview第三方聚合广告
44,agc崩溃服务
45,agoo
46,aisound
47,amazon aws
48,amazon mobile analytics
49,amplitude
50,antifake
51,anychat
52,anyrtc
53,apex全埋点
54,apex弹窗
55,apminsight
56,apollo
57,appcenter
58,appic
59,apple-推送
60,apple-支付
61,apple-登录分享
62,applog
63,applovin
64,appsflyer
65,app开店
66,ar看车
67,ar试妆
68,asmplugin
69,audi在线保养预约提醒
70,avoscloud
71,beacon
72,beecloud
73,bee语音
74,beizi
75,bfd数据埋点
76,bilibili
77,bmob
78,bonree
79,bop
80,boss直聘
81,boss面霸
82,braintree
83,branch.io
84,bshare
85,bugly
86,bugsnag
87,bugtags
88,buriedpoint
89,ccbbank
90,ccvideo
91,cfca
92,cfca-设备标识
93,cfmmc
94,chivox驰声
95,classroom
96,cloudroom
97,cmi
98,cobub
99,codepush
100,cosmos-实时通信
101,cosmos-性能监控
102,cosmos-推送
103,cosmos-音视频
104,countly
105,crasheye
106,crashlytics
107,crashu-apm
108,ctp采集
109,d0/t1收款
110,datafinder
111,datavisorapp安全防护
112,dcloud-分析
113,dcloud-小程序
114,dcloud-广告
115,dcloud-性能监控
116,dcloud-推送
117,dcloud-登录分享
118,dlshare
119,donews广告
120,dpush
121,dueros
122,dumixar
123,dxmpay_bankpay
124,dynatrace
125,easemob
126,easyar sense
127,easyprotector
128,ea推送
129,eid云识读
130,emarsyspredict
131,essc电子社保卡
132,expressplay（drm）
133,eyecool人脸识别
134,e_cc_
135,e政通-证照
136,e签宝
137,fabric
138,face++
139,facebook
140,faceunity
141,fido指纹识别
142,fitbit
143,flurry
144,gem
145,getsentry
146,gme语音服务
147,gobelive
148,goeasy.io客服
149,goeasy推送
150,google-AI
151,google-AR
152,google-下载
153,google-分析
154,google-图像处理
155,google-地图
156,google-安全
157,google-实时通信
158,google-广告
159,google-性能监控
160,google-推荐
161,google-推送
162,google-支付
163,google-更新
164,google-登录分享
165,google-网页浏览
166,google-链接跳转
167,google-音视频
168,gromore
169,growingio
170,gtimg网
171,gvoice
172,happydns
173,harmonyosconnect
174,hci语音识别
175,hcm嗨普同意管理
176,heimdallr
177,helpdesklite
178,hermeseventbus
179,hicar
180,hipee绑定
181,hl.qa
182,hoge统计
183,hsiflymsc
184,httpdns
185,hubbledata
186,hundsun
187,hyphenate-chat
188,iap支付
189,ibanimatable
190,idgate软令牌
191,idlface
192,ifaa指纹
193,infodata
194,inmobi
195,insight
196,instabug
197,instargam分享
198,intercom
199,ironsource
200,ispeech
201,jmlink
202,jumio识别
203,kiwiguard终端威胁感知
204,kkpay支付
205,koom
206,koo分期
207,kpush
208,ksylive
209,leancloud-存储
210,leancloud-实时通信
211,leancloud-推送
212,lenovo-opendeviceid
213,leto游戏
214,line
215,linkaccount
216,linkedme
217,linkface
218,live800
219,lockty
220,lokhttp3
221,lottery
222,mapbox
223,matomo
224,matrix
225,maxmind
226,mdns
227,meglivestill活体检测
228,memobird打印机
229,messaging
230,mgfacelivestill
231,microsoftgraph
232,miitmdid
233,miitmdid  
234,mimo广告
235,mintegral
236,miui+接力
237,mixpanel
238,mma
239,mna
240,mobtech-分析
241,mobtech-反作弊
242,mobtech-地图
243,mobtech-广告
244,mobtech-性能监控
245,mobtech-推送
246,mobtech-登录分享
247,mobtech-短信
248,mobtech-身份认证
249,mobtech-链接跳转
250,mobvoi
251,mopub
252,mpaas
253,mpaas推送
254,msa
255,nama
256,navinfo
257,newrelic
258,ni惠赚
259,oaid
260,oauth
261,ocr
262,oneapm
263,onedrive
264,onelogin
265,onetrack
266,oneway广告
267,onfido
268,openinstall
269,openudid
270,oppo-IoT
271,oppo-分析
272,oppo-广告
273,oppo-推送
274,oppo-支付
275,oppo-登录分享
276,oppo-联运
277,oppo-购物
278,ostar
279,paddle
280,pano
281,parkopedia
282,pavcspeech
283,paypal
284,payssion
285,pcdn
286,pdf格式转换
287,pdragon
288,perimeterx
289,phonenumber-l-auth
290,ping++
291,piwik（matomo）
292,placed
293,polyv-直播
294,polyv-音视频
295,pp视频
296,qdas
297,qpush
298,questmobile
299,quicktracking
300,ras系统加固
301,razor
302,rds
303,reachmax
304,realtek绑定
305,rfid无线射频
306,rim
307,riskifiedmobile
308,robust
309,saas_appanalytics_android__v4.0.27
310,sealtalk
311,seamless
312,sendgrid
313,senseocr文字识别
314,sentry
315,shareinstall
316,sharetrace
317,shareui
318,sigmob
319,signature
320,simplybrand
321,smantifraud
322,smartisanpush（锤子推送）
323,sofire
324,sparta
325,spa广告素材图片
326,strava
327,stripe
328,sudmgp
329,sugo
330,sunflower
331,superpowered
332,swiftystorekit
333,talapm
334,talk99
335,talkingdata
336,taptap
337,taurus广告
338,tchat视频
339,tcl
340,td埋点
341,teiol8
342,tess-two
343,thinking analytics
344,thinkive
345,tifancy
346,tiny
347,tinypinyin
348,tkcloud
349,tmo识图批改
350,topon
351,tracker
352,tradplus
353,trainingpeaks
354,travelx
355,trs
356,tss
357,tvbus
358,twilio
359,twitter
360,txbobu
361,tyrz.framework
362,ubix广告
363,udesk
364,ugc短视频
365,uniplay广告
366,unishare
367,unity广告服务
368,up小游戏
369,u聚合
370,v5客服
371,vcode
372,ve
373,vhall消息服务
374,vhall直播
375,video++
376,vidyo视频
377,vip体检服务
378,vivo-分析
379,vivo-广告
380,vivo-推送
381,vivo-支付
382,vivo-登录分享
383,vivo-联运
384,vuforia
385,vungle
386,webrtc
387,webtrends
388,whatsapp分享
389,windvane
390,workgroup 
391,worldpaycse
392,wps
393,xinstall
394,xmpp
395,xms-wearable-lib
396,xp2p
397,youtube-登录分享
398,youtube-直播
399,yunmall
400,zego
401,zendesk
402,zoom
403,一喂
404,一恰客服
405,一洽客服
406,一点资讯
407,一砂一键登录
408,一网通
409,一网通支付
410,一览视频
411,一账通
412,七巧板
413,七牛-DNS
414,七牛-下载
415,七牛-分析
416,七牛-存储
417,七牛-实时通信
418,七牛-客服
419,七牛-推送
420,七牛-登录分享
421,七牛-直播
422,七牛-笔记
423,七牛-网络加速
424,七牛-身份认证
425,七牛-音视频
426,七陌
427,万卡
428,万和证券自助开户网厅
429,万唯
430,万唯广告
431,万得资讯
432,万汇
433,万维
434,万裕
435,三体云
436,三体连麦
437,三星
438,三网手机实名制认证
439,上上签
440,上报征信
441,上海ca
442,上海企创
443,上海佳投
444,上海倍业
445,上海博泰悦臻
446,上海幻文信息
447,上海新萌网络科技有限公司
448,上海普麦信息
449,上海智合
450,上海智子
451,上海期货交易所
452,上海汉涛信息咨询有限公司
453,上海法率信息
454,上海浦东发展银行有限公司
455,上海湛乘
456,上海犀鑫
457,上海禾赞网络科技有限公司
458,上海移卓网络
459,上海联道
460,上海聚告德
461,上海脉芽网络科技有限公司
462,上海腾徽软件科技有限公司
463,上海财焱
464,上海锚匠
465,上海鹏逸电子商务
466,上海鹰角
467,上海麦晗
468,上甲科技
469,上网加速器
470,上证
471,上证云level2行情
472,上证云level3行情
473,东京认证
474,东方财富网
475,个人蓝牙网盾
476,个像
477,个推
478,个数应用统计
479,个金
480,个验一键登录
481,中交兴路
482,中信优享
483,中信支付
484,中关互动
485,中华医学会指南
486,中台
487,中台统计
488,中国人民财产保险股份有限公司杭州市分公司
489,中国人民银行
490,中国保险行业协会
491,中国期货市场监控中心
492,中国民生银行
493,中国移动
494,中国邮政速递
495,中国银行
496,中广协caa
497,中登数字证书
498,中盾安信
499,中证
500,中证易签
501,中通天鸿
502,中金gwms
503,中金支付
504,中青旅耀悦
505,乐信
506,乐卡
507,乐变
508,乐开蓝牙开门
509,乐心
510,乐播
511,乐橙
512,乐琪
513,乐福
514,乐行平衡车服务
515,乐见极速版
516,乐视支付
517,乐视电视
518,乐逗广告
519,乐飞思美
520,九吨广告
521,九吨广告服务
522,九吨统计分析服务
523,九游-推送
524,九游-支付
525,九游-登录分享
526,云下
527,云从
528,云剑卫士
529,云南云行豆经济信息咨询有限公司
530,云屋
531,云帆
532,云康宝体脂秤
533,云开户
534,云政通
535,云智慧
536,云校服务
537,云毅网络双录
538,云涛
539,云片
540,云盾实人认证
541,云知声
542,云知声口语评测
543,云码
544,云米电视
545,云脉
546,云蜻广告
547,云视讯
548,云软客服
549,云集分期
550,互联互通统一
551,互联网+可信身份认证
552,互联网报警110
553,五信云
554,交通部
555,交通部位置信息插件2.0
556,交通部网络货运信息交互系统
557,交通银行
558,京东-AI
559,京东-IoT
560,京东-分析
561,京东-安全
562,京东-广告
563,京东-性能监控
564,京东-推送
565,京东-支付
566,京东-登录分享
567,京东-直播
568,京东-设备标识
569,京东-购物
570,京东-金融
571,京东-链接跳转
572,京东-音视频
573,京准通广告
574,人教点读
575,人机验证
576,亿兴云
577,亿典广告
578,亿积分
579,亿美
580,今日投资
581,代销保险
582,令牌云
583,众安
584,众盟
585,众简
586,优分
587,优品行情
588,优酷
589,传化支付
590,传阅
591,体脂秤
592,佰锐-实时通信
593,佰锐-音视频
594,佳信客服
595,佳投
596,依图
597,保利威视-直播
598,保利威视-音视频
599,信手书签名
600,信用卡支付stripe
601,倍业广告
602,倍泰
603,健康云
604,健康有益
605,充电地图
606,充电墙盒安装
607,充电站/桩展示——地理位置
608,兆量广告
609,先声
610,光信基金会
611,光大云生活
612,光大云缴费
613,兑吧
614,兔小巢
615,全国社保卡服务平台
616,全民付
617,八分仪
618,八方有礼
619,公会管理服务
620,公共缴费
621,公安一所
622,公安三所
623,公安部信息系统安全三级等保认证
624,兴业数金人脸识别
625,兴业银行
626,兴趣知识网站服务器
627,农业银行
628,冲牙器
629,凌志推送
630,凡泰
631,凡闻
632,凯立德地图
633,凯路水控
634,分享
635,分期乐
636,创瑞短信推送
637,创略
638,创维盒子
639,创蓝
640,创见zj
641,利农商城
642,刷脸付
643,力谱宿云
644,加和
645,动图宇宙
646,动心广告
647,努比亚
648,北京ca电子签名
649,北京一点网聚
650,北京一笑科技
651,北京一览科技有限公司
652,北京万裕久鑫科技有限公司
653,北京三快科技有限公司
654,北京中关村科金技术有限公司
655,北京中润
656,北京乐飞思美传媒科技有限公司
657,北京云中融信网络科技有限公司
658,北京云蜻
659,北京五八
660,北京先声教育科技有限公司
661,北京光年无限科技有限公司
662,北京刷新无限
663,北京博源亿联
664,北京吆喝科技有限公司
665,北京哆唻科技有限公司
666,北京国双科技有限公司
667,北京国都互联科技有限公司
668,北京地铁
669,北京天威诚信电子商务服务有限公司
670,北京微网通联股份有限公司
671,北京微聚智汇科技有限公司
672,北京微聚未来科技有限公司
673,北京数字精准广告有限公司
674,北京数字认证
675,北京新氧科技有限公司
676,北京智慧易
677,北京智者天下
678,北京格瑞创新
679,北京泛为信息科技有限公司
680,北京深演智能
681,北京联动在线通讯
682,北京艾涞博移动互联科技有限公司
683,北京豆萌
684,北京金易木
685,北京鑫物
686,北京锐动天地信息技术有限公司
687,北京魔力日升科技信息科技有限公司
688,北京龙威互动
689,北界无限
690,区块链存证签名
691,医仁心
692,医信
693,医网信
694,医联
695,千学
696,千帆
697,千石互动广告
698,华为-AI
699,华为-IoT
700,华为-OCR
701,华为-健康
702,华为-分析
703,华为-反作弊
704,华为-地图
705,华为-存储
706,华为-安全
707,华为-实时通信
708,华为-广告
709,华为-性能监控
710,华为-推送
711,华为-支付
712,华为-更新
713,华为-汽车交通
714,华为-游戏
715,华为-登录分享
716,华为-短信
717,华为-网络摄像头
718,华为-翻译
719,华为-联运
720,华为-语音识别
721,华为-购物
722,华为-身份认证
723,华为-运动
724,华为-音视频
725,华付
726,华创
727,华数智家
728,华栖云科技有限公司
729,华米运动
730,卓信
731,卓塔
732,南京银行
733,南方新闻网
734,南研数据统计
735,南研用户中心
736,博士通
737,博泰
738,博瑞
739,博睿
740,博联
741,卡多宝声波开门
742,卡多宝蓝牙开门
743,卫士通第三方加密
744,印象笔记
745,即插即用
746,即构
747,厦门国际银行兴安贷
748,厦门市图睿信息科技有限公司
749,厦门市民卡人脸认证
750,厦门搜谷信息科技有限公司
751,去哪儿
752,又拍云
753,友兔视频
754,友盟-AI
755,友盟-DNS
756,友盟-内容服务
757,友盟-出行
758,友盟-分析
759,友盟-反作弊
760,友盟-反馈
761,友盟-地图
762,友盟-存储
763,友盟-安全
764,友盟-实时通信
765,友盟-广告
766,友盟-性能监控
767,友盟-推荐
768,友盟-推送
769,友盟-支付
770,友盟-文档服务
771,友盟-登录分享
772,友盟-设备标识
773,友盟-身份认证
774,友盟-金融
775,友盟-链接跳转
776,反劫持
777,反欺诈风险验证
778,反欺诈（羊毛盾）
779,变现猫
780,口袋打印机
781,口语先声
782,可信扫脸 
783,可信身份认证
784,号码速验
785,吆喝
786,合从
787,合力亿捷
788,合合ocr
789,合泰广告
790,合肥国业
791,合肥地铁
792,合肥宸业
793,合肥星爵
794,同源发布
795,同盾
796,同花顺推送
797,同花顺智能客服
798,同花顺登录
799,同花顺语音合成
800,同花顺语音识别
801,向往音乐
802,听云
803,吸面游戏
804,和包支付
805,和多号
806,和彩云
807,和缓视频
808,和通讯录
809,和风天气
810,咪咕支付
811,咪咕视频
812,咪咕音乐
813,咿啦看书
814,品友
815,哈雷下载
816,唐桥视频
817,唯品会
818,唱吧
819,啄木鸟
820,商汤-OCR
821,商汤-分析
822,商汤-图像处理
823,商汤-广告
824,商汤-美颜
825,商汤-身份认证
826,商汤-音视频
827,善融商务
828,喜玛拉雅
829,喜马拉雅
830,嗡营
831,嗨量
832,嘻趣
833,四川封面传媒
834,团油
835,国双
836,国密
837,国寿联盟
838,国政通人脸识别
839,国民认证
840,国盾云（北京）信息技术有限公司
841,图灵
842,图灵盾
843,图睿
844,坚果推送
845,埃文
846,城市互通
847,城轨易行
848,塔肯
849,墨宇科技
850,墨迹天气
851,声动兔
852,声纹识别
853,声网
854,声连码
855,声通
856,声音锁
857,壹佰米
858,壹点灵
859,外研点读
860,多多云
861,多多进宝
862,多普勒胎儿监护仪
863,多游
864,多源认证
865,多牛广告
866,多视角直播
867,多贝云直播平台
868,多量
869,够快云库
870,大华监控
871,大华设备网络
872,大卫兵（出行守护）
873,大同
874,大希
875,大拿摄像头
876,大数据
877,大文件切片
878,大汉三通
879,大王卡
880,大疆
881,大白认证
882,大象能力平台_统一认证
883,大都会
884,大陆蓝牙钥匙
885,天一账号登录
886,天地聚合全国违章直连查询
887,天地融ukey
888,天天周末
889,天威
890,天御文本内容安全t-sec
891,天气121
892,天津五八到家生活服务
893,天津再言佳成
894,天津小屋信息科技有限公司
895,天津快友世纪科技有限公司
896,天津思盟互动
897,天津星罗云布科技有限公司
898,天津智融创新科技发展有限公司
899,天津浩睿
900,天津浩睿信息科技有限公司
901,天津银海金医宝支付
902,天润融通
903,天猫
904,天目统计
905,天眼
906,天眼查
907,天聚地合（苏州）数据股份有限公司
908,天融信vpn
909,天风证券
910,太虚ar
911,央视国际网络有限公司
912,头条-AI
913,头条-分析
914,头条-广告
915,头条-推荐
916,头条-新闻资讯
917,头条-登录分享
918,奇付通
919,契约锁
920,奥格广告
921,奥迪中国
922,好借
923,好单库
924,好孕妈广告服务
925,好未来
926,好游快爆
927,好车主carplugin  
928,妙佳数据（标准版）
929,妙健康智能硬件
930,妥妥递
931,威富通支付
932,威尔云游戏
933,娜迦
934,娜迦反调试 
935,子午线
936,字节-分析
937,字节-广告
938,字节-性能监控
939,字节-推送
940,字节-登录分享
941,字节-美颜
942,字节-身份认证
943,字节-音视频
944,学点云直播
945,学谷智能人脸识别
946,安全移动联盟
947,安全认证
948,安天av
949,安徽创瑞信息技术有限公司
950,安徽省政务服务平台-互联网用户统一身份认证接入
951,安心加
952,安心加云对讲
953,安心家蓝牙开门
954,安证通
955,宜享传屏
956,宜搜-推送
957,宜搜-支付
958,宜搜-登录分享
959,宜签人脸
960,宝付
961,客户行为探针
962,富友分账
963,富友支付
964,小京鱼开放服务scm
965,小天才账号登录
966,小度
967,小度带屏音响
968,小桔科技
969,小浦支付
970,小满
971,小爱带屏音响
972,小牛互娱
973,小米-分析
974,小米-存储
975,小米-实时通信
976,小米-广告
977,小米-推送
978,小米-支付
979,小米-更新
980,小米-登录分享
981,小米-联运
982,小米-购物
983,小能
984,小萝卜头
985,小视活体认证
986,小象智能存钱罐配网 
987,小额账户开户
988,小马立行api
989,小鱼易连
990,小鲸鱼
991,小鹅通
992,尼尔森
993,居民身份证网上功能凭证
994,山西人社厅
995,岳鹰
996,工商银行-支付
997,工商银行-身份认证
998,工猫
999,左唐广告
1000,巨玩
1001,巨量-下载
1002,巨量-分析
1003,巨量-广告
1004,幂动广告
1005,幕享
1006,平安-分析
1007,平安-安全
1008,平安-客服
1009,平安-小程序
1010,平安-推送
1011,平安-支付
1012,平安-汽车交通
1013,平安-登录分享
1014,平安-直播
1015,平安-语音识别
1016,平安-身份认证
1017,平安-金融
1018,广东互联网报警
1019,广东省人民政府办公厅
1020,广佛nfc充值
1021,广发银行信用卡办理
1022,广发银行信用贷
1023,广州四叶文化传播有限公司
1024,广州地铁
1025,广州市动景计算机科技有限公司
1026,广州市比目网络科技有限公司
1027,广州市蜂擎信息科技有限公司的“好单库变现”
1028,广州梦享网络
1029,广州汇世信息科技有限公司
1030,广州环睿
1031,广州益起
1032,广州睿搜信息科技有限公司
1033,广州触文
1034,广汽本田汽车有限公司
1035,广泽之行科技
1036,广点通
1037,广电钱包
1038,庆科绑定
1039,应用宝-推送
1040,应用宝-支付
1041,应用宝-登录分享
1042,应用赚（鱼丸盒子）
1043,店长直聘
1044,度小满
1045,度小满ocr
1046,度小满账户
1047,度小满钱包
1048,座舱控制（cabincontrol）
1049,康佳电视
1050,建信金融科技有限责任公司北京开发中心
1051,建信金融科技有限责任公司广州开发中心
1052,建设银行
1053,开利财经
1054,开屏广告
1055,开户云
1056,开普云
1057,开蒙体脂秤
1058,异地乘车
1059,弘顺广告
1060,张家口垃圾缴费
1061,当贝支付
1062,彩云天气
1063,彭博
1064,得到（天津）文化传播有限公司
1065,得意声纹
1066,得物apm平台
1067,得物热修复框架
1068,得物设备指纹
1069,微众人脸核实
1070,微众理财
1071,微众认证
1072,微众银行
1073,微保
1074,微医im
1075,微医登录
1076,微吼直播
1077,微圣
1078,微店账号
1079,微方程
1080,微模式
1081,微盟
1082,微站
1083,微粒贷服务
1084,微网
1085,微聚未来
1086,微车
1087,微软-性能监控
1088,微软-文档服务
1089,微软-热修复
1090,微软-翻译
1091,微软-语音合成
1092,必要鸿源（北京）科技有限公司
1093,快乐通宝
1094,快商通客服
1095,快手
1096,快捷通
1097,快直播
1098,快证通
1099,快递100
1100,快递鸟
1101,快递鸟物流查询
1102,快钱支付
1103,态势感知
1104,思图ocr
1105,思图场景活体检测
1106,思必驰
1107,思拓cmstop
1108,思盟互动
1109,思盟广告
1110,思迪
1111,思迪信息框架
1112,思迪开户
1113,思迪数字证书
1114,思迪视频认证
1115,恒宝蓝牙
1116,恒生-金融
1117,恒生-音视频
1118,恒生人脸识别
1119,恒生客服
1120,恒银蓝牙盾
1121,悠易互通（北京）广告有限公司
1122,悬壶
1123,惠每智能问诊系统
1124,愉悦广告
1125,愉悦推
1126,慧眼个人信息验证
1127,懒人听书
1128,懒人福利社
1129,成都地铁
1130,成都金铠甲
1131,扇贝
1132,手机盾
1133,执尺
1134,扫呗
1135,技云帆加速科技
1136,抖音
1137,拉卡拉支付
1138,拉风
1139,拍卡
1140,拓幻美颜
1141,拓普软件开发工具包
1142,拓课云
1143,招商银行
1144,拼多多-广告
1145,拼多多-登录分享
1146,拼多多-购物
1147,拼多多-链接跳转
1148,指南针 
1149,挖财基金
1150,捷安征信实名认证
1151,捷银国际旅行社（上海）
1152,掌上无限广告
1153,掌阅
1154,掌骏传媒
1155,探数
1156,推啊
1157,插码
1158,握奇蓝牙盾
1159,搜狐-内容服务
1160,搜狐-地图
1161,搜狐-广告
1162,搜狐-性能监控
1163,搜狐-登录分享
1164,搜狐-网络诊断
1165,搜狐-音视频
1166,搜狗-地图
1167,搜狗-广告
1168,搜狗-翻译
1169,搜狗-语音合成
1170,搜狗-语音识别
1171,携程
1172,摩宝支付
1173,播客cc
1174,数位
1175,数典ut
1176,数字医信
1177,数字联盟
1178,数据宝人脸识别
1179,数据宝实名认证
1180,数数科技
1181,数果统计
1182,数爆应用统计
1183,数理人脸识别
1184,数米短信
1185,数美
1186,文通ocr
1187,斗鱼推流
1188,斗鱼登录
1189,斯巴达
1190,斯巴达 
1191,斯炅
1192,新义广告
1193,新华智云埋点统计
1194,新大陆星pos收银
1195,新浪
1196,无界
1197,日照支付
1198,日照电子钱包
1199,旷视
1200,昇辉蓝牙开门
1201,明略
1202,易付宝支付
1203,易信
1204,易信分享
1205,易分析
1206,易增长
1207,易复诊
1208,易宝支付
1209,易有料
1210,易汇众盟
1211,易泊
1212,易盛
1213,易盛 
1214,易私募
1215,易签宝电子签名
1216,易联支付
1217,易观
1218,易谷
1219,易道
1220,普强语音播报 
1221,智友
1222,智尚
1223,智聆
1224,智能3d机器人
1225,智齿
1226,有料信息流
1227,有盾
1228,有赞
1229,有道
1230,朗动
1231,期货交易
1232,期货开户
1233,期货开户 
1234,期货开户（开户云）
1235,期货日报网api
1236,期货柜台系统
1237,期货模拟交易
1238,期货监控中心
1239,期货穿透式监管
1240,本机号码校验
1241,机构预约开户/融资融券预约开户
1242,杉德支付
1243,李妈咪女性网
1244,李征（鱼骨铮铮）
1245,来康体脂秤
1246,杭州云毅网络科技有限公司
1247,杭州壹恩数字
1248,杭州天谷信息科技有限公司
1249,杭州天音计算机系统工程有限公司
1250,杭州小满信息科技有限公司
1251,杭州尚尚签网络科技有限公司
1252,杭州市民卡
1253,杭州念响科技有限公司
1254,杭州易有料
1255,杭州肯菲
1256,杭州视在科技有限公司
1257,杭州视杏科技有限公司
1258,杭州轻山科技有限公司
1259,杭州闪电玩网络科技有限公司
1260,极光-AI
1261,极光-分析
1262,极光-反作弊
1263,极光-地图
1264,极光-实时通信
1265,极光-客服
1266,极光-广告
1267,极光-性能监控
1268,极光-推送
1269,极光-登录分享
1270,极光-短信
1271,极光-网页浏览
1272,极光-身份认证
1273,极光-链接跳转
1274,极意行为验证
1275,极氪订阅
1276,极米投影
1277,极豆科技
1278,极速借钱
1279,极验
1280,林肯聚合广告
1281,枫岚互联平台
1282,栎樾-上海浪皓科技
1283,株洲互联网政务服务四级联动系统建设项目电子印章
1284,格尔ca证书
1285,梆梆
1286,梦工厂
1287,梦工厂游戏
1288,梦网
1289,欢拓直播
1290,欢网支付
1291,欢聚时代
1292,欢聚直播
1293,步步高支付
1294,步步高登录
1295,武汉创业元投资管理有限公司
1296,武汉安天信息技术有限责任公司
1297,每日互动数据收集
1298,每日互动股份有限公司
1299,每日优鲜
1300,比目云
1301,比目短信
1302,民生
1303,永中office
1304,永中pdf查看器
1305,永中优云
1306,汇付
1307,汇法正信
1308,汇量
1309,汉王ocr
1310,江苏一卡通
1311,沃莱蓝牙
1312,沙发支付
1313,河马支付
1314,法大大
1315,波普广告
1316,泰致德科技发展（深圳）
1317,洞见
1318,洞见ar
1319,活动盒子
1320,派金引擎
1321,流利说
1322,济南道芬
1323,浙江贰贰网络有限公司
1324,浦发银行
1325,浩瀚
1326,浩物
1327,海信电视支付
1328,海度数据分析
1329,海康
1330,海洋纪元
1331,海狐
1332,海鑫
1333,海马云
1334,涂图
1335,涂鸦
1336,润霖
1337,淘点
1338,深传oss
1339,深信服vpn
1340,深圳市完鼎智能科技有限公司
1341,深圳市微付充科技有限公司
1342,深圳市气象局
1343,深圳市陆金互联网
1344,深圳市雪球科技有限公司
1345,深圳时分秒
1346,深圳易加油信息科技有限公司
1347,深圳本地宝
1348,深圳睿点星链
1349,深圳蓝蛙
1350,深圳证券
1351,深知
1352,清场
1353,清流鼎点
1354,渤海银行
1355,温州地铁
1356,游可赢
1357,游密语音识别
1358,游戏盾
1359,游易广告
1360,湖南快乐阳光互动娱乐传媒有限公司
1361,湛乘
1362,滨海农商
1363,滴滴
1364,滴滴出行
1365,潘多拉runtime封装
1366,澎博
1367,澳门通
1368,火山-AB测试
1369,火山-AI
1370,火山-分析
1371,火山-图像处理
1372,火山-安全
1373,火山-性能监控
1374,火山-热修复
1375,火山-直播
1376,火山-美颜
1377,火山-音视频
1378,火眼广告
1379,灯塔
1380,灵云-客服
1381,灵云-手写识别
1382,灵云-语音识别
1383,灵肯广告平台（bloomad）
1384,炬焰
1385,炬焰增长营销
1386,炬焰短视频
1387,点众
1388,点聚
1389,热云
1390,焦作市财政局
1391,熊猫速汇
1392,熵湾小程序
1393,爱加密
1394,爱加密-安全加固和环境清场
1395,爱加密加固
1396,爱加密加密
1397,爱加密安全
1398,爱加密安全软键盘
1399,爱加密安全键盘
1400,爱加密清场
1401,爱奇艺
1402,爱心推
1403,爱联绑定
1404,爱跑腿
1405,牛数数据
1406,物联智慧
1407,狐友
1408,猎图一键登录
1409,猎豹
1410,猎鹰广告
1411,猫眼
1412,猫眼广告
1413,猫簿支付
1414,玄吉
1415,玄武
1416,王卡用户身份识别
1417,玩美
1418,环信-IoT
1419,环信-分析
1420,环信-实时通信
1421,环信-客服
1422,环信-推送
1423,环信-支付
1424,环信-登录分享
1425,环信-身份认证
1426,现在支付
1427,珊瑚
1428,珊瑚积分
1429,珠海海鸟科技有限公司
1430,琳竹新
1431,瑞为摄像头
1432,瑞安迅科广告
1433,瑞数
1434,瑞狮
1435,申米广告
1436,电信
1437,电子合同
1438,电子社保卡
1439,电话伴侣
1440,畅天游一键登录
1441,畅客
1442,畅言
1443,畅言云评
1444,畅言评论
1445,留资
1446,番茄小说
1447,白山云对象存储
1448,白骑士设备指纹
1449,百分点
1450,百分点数据采集
1451,百家云
1452,百度-AI
1453,百度-AR
1454,百度-IoT
1455,百度-OCR
1456,百度-健康
1457,百度-内容审核
1458,百度-内容服务
1459,百度-分析
1460,百度-反作弊
1461,百度-图像处理
1462,百度-地图
1463,百度-存储
1464,百度-安全
1465,百度-客服
1466,百度-小程序
1467,百度-广告
1468,百度-性能监控
1469,百度-推送
1470,百度-支付
1471,百度-文档服务
1472,百度-新闻资讯
1473,百度-更新
1474,百度-登录分享
1475,百度-直播
1476,百度-网络加速
1477,百度-网页浏览
1478,百度-翻译
1479,百度-联运
1480,百度-语音合成
1481,百度-语音识别
1482,百度-购物
1483,百度-身份认证
1484,百度-通用识别
1485,百度-金融
1486,百度-音视频
1487,百悟一键登录
1488,百融
1489,皮卡抠图
1490,益玩-推送
1491,益玩-支付
1492,益玩-登录分享
1493,盘古云
1494,盛天统计
1495,目睹直播
1496,直销eid
1497,相芯
1498,省平台网络货运
1499,省钱助手
1500,看云
1501,看穿式信息采集
1502,看穿式监管
1503,眼神人脸识别
1504,瞩目视频会议
1505,知乎
1506,知晓云存储
1507,神奇保服务
1508,神策
1509,神蓍
1510,福昕
1511,福特中国api
1512,福码
1513,禾赞广告
1514,秒针
1515,秒验
1516,稿定
1517,空中网
1518,穿山甲
1519,穿山甲广告
1520,穿透式监管
1521,立即付款
1522,站长统计
1523,第一创业证券
1524,第三方广告监测mma
1525,第四范式
1526,简米ping
1527,米大师
1528,米派广告mediaprime
1529,米盟
1530,米聊
1531,粤省事小程序
1532,精臣打印
1533,索尼电视
1534,紫光
1535,红旗智行
1536,红豆直播播放器
1537,给乐
1538,统一认证
1539,绩牛
1540,维快
1541,网宿云存储
1542,网宿加速
1543,网德
1544,网易-OCR
1545,网易-内容审核
1546,网易-内容服务
1547,网易-分析
1548,网易-反作弊
1549,网易-地图
1550,网易-存储
1551,网易-安全
1552,网易-实时通信
1553,网易-客服
1554,网易-广告
1555,网易-性能监控
1556,网易-推送
1557,网易-支付
1558,网易-新闻资讯
1559,网易-游戏
1560,网易-登录分享
1561,网易-直播
1562,网易-翻译
1563,网易-语音识别
1564,网易-身份认证
1565,网易-音乐
1566,网易-音视频
1567,网证
1568,美团
1569,美团logan
1570,美团热更新
1571,美图美颜
1572,美恰客服
1573,美摄
1574,美数广告
1575,美洽
1576,美洽客服
1577,美狐美颜
1578,美的智慧生活（上海）科技有限公司
1579,美约
1580,美颜effect
1581,翼支付
1582,翼特广告
1583,考米
1584,联合电服nfc充值
1585,联想
1586,联通
1587,联道
1588,聚典数据开放平台
1589,聚合企业信息精确查询
1590,聚合广告
1591,聚合支付
1592,聚合数据
1593,聚合数据-实人认证
1594,聚合数据-短信
1595,聚合数据实人认证
1596,聚合短信api服务
1597,聚合营业执照识别
1598,聚合身份证ocr识别
1599,聚合身份证实名认证
1600,聚合身份证查询
1601,聚合银行卡四元素校验
1602,聚水潭订单管理系统
1603,聚美智数
1604,聚越
1605,聚量
1606,腾盛支付
1607,腾讯-AI
1608,腾讯-DNS
1609,腾讯-IoT
1610,腾讯-OCR
1611,腾讯-p2p
1612,腾讯-健康
1613,腾讯-内容审核
1614,腾讯-出行
1615,腾讯-分析
1616,腾讯-反作弊
1617,腾讯-反馈
1618,腾讯-地图
1619,腾讯-存储
1620,腾讯-安全
1621,腾讯-实时通信
1622,腾讯-客服
1623,腾讯-小程序
1624,腾讯-广告
1625,腾讯-性能监控
1626,腾讯-推送
1627,腾讯-支付
1628,腾讯-文档服务
1629,腾讯-新闻资讯
1630,腾讯-更新
1631,腾讯-汽车交通
1632,腾讯-游戏
1633,腾讯-热修复
1634,腾讯-登录分享
1635,腾讯-直播
1636,腾讯-短信
1637,腾讯-网络摄像头
1638,腾讯-网络诊断
1639,腾讯-网页浏览
1640,腾讯-翻译
1641,腾讯-联运
1642,腾讯-设备标识
1643,腾讯-语音合成
1644,腾讯-语音评测
1645,腾讯-语音识别
1646,腾讯-课程
1647,腾讯-购物
1648,腾讯-身份认证
1649,腾讯-运动
1650,腾讯-金融
1651,腾讯-音乐
1652,腾讯-音视频
1653,自助注册
1654,自研数据统计（com.meiyuan.love.util）
1655,自行车
1656,至信链
1657,至真
1658,艾瑞
1659,芒果
1660,芒果tv
1661,芒果牛奶os
1662,芝麻认证
1663,芯盾
1664,苏宁-小程序
1665,苏宁-推送
1666,苏宁-支付
1667,苏宁-购物
1668,苏宁-身份认证
1669,苏州园区社保
1670,英雄联盟战绩面板
1671,草花
1672,荣耀推送
1673,莱商银行
1674,获得场景
1675,菊风
1676,菜牛定位
1677,萌友ota
1678,萌图
1679,萤石
1680,蒂烨
1681,蒲公英
1682,蒲公英更新服务
1683,蓝松
1684,蓝松短视频
1685,蓝牙key盾
1686,蓝牙sim盾
1687,蓝牙市民卡充值
1688,蓝牙箱
1689,蓝牙蜜盾
1690,虎牙-登录分享
1691,虎牙-直播
1692,虹软
1693,蜂助手
1694,蜂鸟
1695,蜻蜓fm
1696,融云
1697,融合广告
1698,融易推
1699,融聚汇行情
1700,血压计
1701,行吟
1702,表情云
1703,西域传媒
1704,西格广告
1705,视九盒子
1706,视源反馈平台
1707,视连通广告
1708,视通
1709,认证宝
1710,讯卡
1711,讯飞
1712,讯鸟客服
1713,记刻
1714,证通
1715,试乘试驾
1716,诚立业
1717,语雀统计
1718,诸葛io
1719,诺慧签
1720,豆瓣商城
1721,豆瓣开放平台
1722,豌豆荚
1723,象辑天气
1724,豹趣小游戏
1725,贝享广告
1726,贝付宝
1727,贝壳金服
1728,贝釜优
1729,财人汇
1730,财付通
1731,财付通支付
1732,财富直播
1733,财联社
1734,财酷
1735,货拉拉
1736,贵士移动
1737,贵宾厅服务
1738,赋能
1739,起码科技
1740,超级播放器
1741,趣变广告
1742,趣豹小游戏
1743,身份证识别ocr
1744,车300
1745,车主邦（北京）
1746,车音
1747,轩嗵
1748,轩辕
1749,转转
1750,软智天成（成都）
1751,轻牛健康
1752,辞书
1753,辽宁具光智能安全服务有限公司
1754,辽宁博远电子保安服务有限公司
1755,远程胎心监护系统
1756,远鉴
1757,连尚
1758,连连支付
1759,连连收款
1760,连连银加云慧眼
1761,透视宝
1762,通付盾
1763,通华财富
1764,通卡联城
1765,通联支付
1766,通行证
1767,通达信
1768,通通锁
1769,逸创云客服
1770,道一循
1771,道乐科技
1772,道路救援
1773,邑盟信息技术（上海）有限公司
1774,邦盛
1775,邦邦加解密
1776,邯郸燃气
1777,邻道广告
1778,酷开支付
1779,酷我
1780,酷控红外
1781,酷控遥控
1782,酷推
1783,酷旗
1784,酷派-推送
1785,酷派-支付
1786,酷派-登录分享
1787,酷派-设备标识
1788,酷狗
1789,重庆众安小额贷款有限公司
1790,重庆傲雄在线信息技术有限公司
1791,重庆华龙网集团股份有限公司
1792,重庆地铁
1793,重庆城市通卡支付有限责任公司
1794,重庆市公安局
1795,重庆市凤筑科技有限公司
1796,重要权限列表
1797,金仕达穿透监管
1798,金华录绑定
1799,金山-p2p
1800,金山-文档服务
1801,金山-登录分享
1802,金山-直播
1803,金山-音视频
1804,金易联
1805,金格office
1806,金立
1807,金联汇通实证
1808,金蝶
1809,鑫盾
1810,鑫谷
1811,钉钉
1812,钧云
1813,铠甲广告
1814,银基-蓝牙车控
1815,银河证券
1816,银盛支付
1817,银联
1818,银银合作
1819,锐动
1820,长三角互联互通
1821,长桑手表
1822,长虹电视
1823,闪游盒子
1824,闲玩
1825,阅客信息流
1826,阅文阅读
1827,阅盟
1828,阳光保险集团
1829,阿拉丁统计
1830,阿里-AI
1831,阿里-DNS
1832,阿里-IoT
1833,阿里-OCR
1834,阿里-p2p
1835,阿里-paas
1836,阿里-云计算
1837,阿里-内容审核
1838,阿里-出行
1839,阿里-分析
1840,阿里-反作弊
1841,阿里-反馈
1842,阿里-地图
1843,阿里-存储
1844,阿里-安全
1845,阿里-实时通信
1846,阿里-客服
1847,阿里-小程序
1848,阿里-广告
1849,阿里-性能监控
1850,阿里-推送
1851,阿里-支付
1852,阿里-文档服务
1853,阿里-新闻资讯
1854,阿里-更新
1855,阿里-汽车交通
1856,阿里-测肤
1857,阿里-游戏
1858,阿里-热修复
1859,阿里-登录分享
1860,阿里-直播
1861,阿里-短信
1862,阿里-网络加速
1863,阿里-网页浏览
1864,阿里-美颜
1865,阿里-翻译
1866,阿里-联运
1867,阿里-设备标识
1868,阿里-评论
1869,阿里-语音合成
1870,阿里-语音识别
1871,阿里-购物
1872,阿里-身份认证
1873,阿里-金融
1874,阿里-链接跳转
1875,阿里-音视频
1876,陌陌
1877,随申办市民云
1878,雅丰室内地图
1879,集奥设备指纹
1880,雨燕一键登录
1881,雪球
1882,雷达
1883,青岛市琴岛通卡股份有限公司
1884,青桔
1885,青泉优选
1886,青牛
1887,音频key
1888,顶点
1889,顶象
1890,顶象设备指纹
1891,顶象验证
1892,顺丰
1893,顺丰支付
1894,风行
1895,风行广告
1896,风行联盟广告
1897,飞书-广告
1898,飞书-推送
1899,飞书-登录分享
1900,飞利浦电视
1901,飞天
1902,飞客优选
1903,飞泉设备指纹
1904,飞虎
1905,飞马行情交易
1906,飞鸽
1907,飞鸽短信
1908,饺子播放器
1909,饿了么商家开发平台
1910,首信易支付
1911,首汽约车
1912,马上消费金融股份有限公司
1913,驰声
1914,驾驶行为采集
1915,骏聿人脸识别
1916,高德
1917,魅族-分析
1918,魅族-实时通信
1919,魅族-广告
1920,魅族-推送
1921,魅族-支付
1922,魅族-登录分享
1923,魅族-联运
1924,魔奇广告
1925,魔盒广告
1926,魔窗
1927,鸿典广告
1928,鸿蒙手表wearengine服务
1929,鸿路
1930,鸿途科技广告（澳远竞达科技）
1931,麦告聚合
1932,麦通
1933,麦钱包
1934,黑头仪
1935,鼎然信息科技api
1936,龙支付
